plant,hz,nominal_ratio,one_way_delay_ms,schedule,max_motor_error_rad,max_load_error_rad,motor_rms_rad,load_rms_rad,tail_load_rms_rad,tail_load_velocity_rms_rad_s,peak_current_a,peak_twist_rad,amplitude_limited_pct,slew_limited_pct,compensation_limited_pct,result
rigid,100,0.25,0,0,0.447899,0.447899,0.181714,0.181714,0.060338,0.109831,1.197811,0.000000,0.000,0.000,59.917,within_report_threshold
rigid,100,0.25,5,0,0.463755,0.463755,0.188285,0.188285,0.065710,0.124169,1.232481,0.000000,0.000,0.000,63.833,within_report_threshold
rigid,100,0.25,10,0,0.480518,0.480518,0.195427,0.195427,0.071573,0.140786,1.267099,0.000000,0.000,0.000,66.667,within_report_threshold
rigid,100,0.25,20,0,0.516070,0.516070,0.211246,0.211246,0.084989,0.181477,1.347612,0.000000,0.000,0.000,72.417,within_report_threshold
rigid,100,0.50,0,0,0.100453,0.100453,0.046006,0.046006,0.000468,0.000631,0.462419,0.000000,0.000,0.000,0.000,within_report_threshold
rigid,100,0.50,5,0,0.103569,0.103569,0.046547,0.046547,0.000479,0.000539,0.473264,0.000000,0.000,0.000,0.000,within_report_threshold
rigid,100,0.50,10,0,0.107575,0.107575,0.047549,0.047549,0.000507,0.000559,0.484049,0.000000,0.000,0.000,0.000,within_report_threshold
rigid,100,0.50,20,0,0.118044,0.118044,0.050917,0.050917,0.000624,0.000605,0.502210,0.000000,0.000,0.000,0.000,within_report_threshold
rigid,100,1.00,0,0,0.005684,0.005684,0.003098,0.003098,0.000207,0.000432,0.201840,0.000000,0.000,0.000,0.000,within_report_threshold
rigid,100,1.00,5,0,0.003922,0.003922,0.001864,0.001864,0.000225,0.000504,0.203206,0.000000,0.000,0.000,0.000,within_report_threshold
rigid,100,1.00,10,0,0.012544,0.012544,0.004662,0.004662,0.000250,0.000506,0.207169,0.000000,0.000,0.000,0.000,within_report_threshold
rigid,100,1.00,20,0,0.030439,0.030439,0.011652,0.011652,0.000291,0.000499,0.222998,0.000000,0.000,0.000,0.000,within_report_threshold
rigid,100,2.00,0,0,0.037562,0.037562,0.015559,0.015559,0.001232,0.001535,0.098549,0.000000,0.000,0.000,0.000,within_report_threshold
rigid,100,2.00,5,0,0.035001,0.035001,0.015432,0.015432,0.001224,0.001489,0.100996,0.000000,0.000,0.000,0.000,within_report_threshold
rigid,100,2.00,10,0,0.033117,0.033117,0.015953,0.015953,0.001209,0.001497,0.111055,0.000000,0.000,0.000,0.000,within_report_threshold
rigid,100,2.00,20,0,28.559021,28.559021,8.289164,8.289164,22.860784,35.645034,5.457846,0.000000,30.167,50.750,53.417,poor
rigid,100,4.00,0,0,0.054425,0.054425,0.022431,0.022431,0.001695,0.002139,0.063681,0.000000,0.000,0.000,0.000,within_report_threshold
rigid,100,4.00,5,0,371.604340,371.604340,98.853023,98.853023,299.131314,183.561936,7.005913,0.000000,66.500,78.667,77.750,poor
rigid,100,4.00,10,0,484.465485,484.465485,201.027792,201.027792,397.416597,252.713314,10.000000,0.000000,81.250,88.250,92.000,poor
rigid,100,4.00,20,0,794.749817,794.749817,338.026687,338.026687,758.955784,163.354797,10.000000,0.000000,87.167,90.583,95.167,poor
rigid,200,0.25,0,0,0.450154,0.450154,0.182464,0.182464,0.061726,0.110582,1.192558,0.000000,0.000,0.000,58.833,within_report_threshold
rigid,200,0.25,5,0,0.466090,0.466090,0.189074,0.189074,0.067249,0.124476,1.225630,0.000000,0.000,0.000,63.250,within_report_threshold
rigid,200,0.25,10,0,0.483036,0.483036,0.196226,0.196226,0.073326,0.140903,1.261489,0.000000,0.000,0.000,66.458,within_report_threshold
rigid,200,0.25,20,0,0.519135,0.519135,0.212170,0.212170,0.087271,0.181488,1.341517,0.000000,0.000,0.000,71.958,within_report_threshold
rigid,200,0.50,0,0,0.102075,0.102075,0.046647,0.046647,0.000461,0.000517,0.462405,0.000000,0.000,0.000,0.000,within_report_threshold
rigid,200,0.50,5,0,0.105232,0.105232,0.047196,0.047196,0.000477,0.000509,0.473624,0.000000,0.000,0.000,0.000,within_report_threshold
rigid,200,0.50,10,0,0.109218,0.109218,0.048201,0.048201,0.000518,0.000523,0.483739,0.000000,0.000,0.000,0.000,within_report_threshold
rigid,200,0.50,20,0,0.119726,0.119726,0.051601,0.051601,0.000600,0.000555,0.502283,0.000000,0.000,0.000,0.000,within_report_threshold
rigid,200,1.00,0,0,0.005716,0.005716,0.003179,0.003179,0.000212,0.000262,0.200652,0.000000,0.000,0.000,0.000,within_report_threshold
rigid,200,1.00,5,0,0.003906,0.003906,0.001834,0.001834,0.000233,0.000300,0.203237,0.000000,0.000,0.000,0.000,within_report_threshold
rigid,200,1.00,10,0,0.012442,0.012442,0.004586,0.004586,0.000255,0.000356,0.207672,0.000000,0.000,0.000,0.000,within_report_threshold
rigid,200,1.00,20,0,0.030518,0.030518,0.011594,0.011594,0.000313,0.000452,0.223776,0.000000,0.000,0.000,0.000,within_report_threshold
rigid,200,2.00,0,0,0.038424,0.038424,0.015873,0.015873,0.001280,0.001504,0.097812,0.000000,0.000,0.000,0.000,within_report_threshold
rigid,200,2.00,5,0,0.035887,0.035887,0.015737,0.015737,0.001268,0.001488,0.100598,0.000000,0.000,0.000,0.000,within_report_threshold
rigid,200,2.00,10,0,0.034030,0.034030,0.016229,0.016229,0.001246,0.001478,0.109818,0.000000,0.000,0.000,0.000,within_report_threshold
rigid,200,2.00,20,0,18.042141,18.042141,4.731845,4.731845,15.450458,17.509107,4.603431,0.000000,20.333,38.292,42.917,poor
rigid,200,4.00,0,0,0.055364,0.055364,0.022818,0.022818,0.001744,0.002132,0.063317,0.000000,0.000,0.000,0.000,within_report_threshold
rigid,200,4.00,5,0,322.781311,322.781311,77.799702,77.799702,233.101245,212.269047,6.935713,0.000000,62.458,74.792,74.000,poor
rigid,200,4.00,10,0,410.684204,410.684204,143.718070,143.718070,218.248356,467.324528,10.000000,0.000000,81.542,90.875,91.958,poor
rigid,200,4.00,20,0,699.994202,699.994202,306.309294,306.309294,600.236582,270.823300,10.000000,0.000000,87.000,88.042,95.167,poor
flexible,100,0.25,0,0,0.462644,0.523097,0.187838,0.214927,0.092255,0.163263,1.204726,0.068019,0.000,0.000,59.583,within_report_threshold
flexible,100,0.25,5,0,0.475894,0.538489,0.193410,0.221379,0.100267,0.178691,1.236725,0.069252,0.000,0.000,62.333,poor
flexible,100,0.25,10,0,0.489364,0.555215,0.199383,0.228253,0.108686,0.195598,1.277047,0.071180,0.000,0.000,64.417,poor
flexible,100,0.25,20,0,2.554169,2.590010,1.068677,1.137431,2.169891,2.525464,3.637193,0.365817,0.000,70.250,91.500,poor
flexible,100,0.50,0,0,0.137163,0.199075,0.065985,0.095327,0.003026,0.006794,0.562897,0.064425,0.000,0.000,0.000,within_report_threshold
flexible,100,0.50,5,0,1.253145,0.970925,0.298036,0.294883,0.789985,1.365609,1.080265,0.599133,0.667,35.083,37.000,poor
flexible,100,0.50,10,0,7.165856,7.647347,2.452459,2.619306,6.734912,6.476154,5.267563,0.737729,21.917,84.250,86.583,poor
flexible,100,0.50,20,0,12.631855,13.075421,2.953423,3.081269,8.133560,12.895996,4.697515,0.741195,26.333,90.917,91.750,poor
flexible,100,1.00,0,0,5.717165,6.460090,2.113849,2.239536,3.810247,12.974822,2.987350,1.428354,40.583,83.250,82.000,poor
flexible,100,1.00,5,0,15.881585,16.859591,5.409615,5.781757,14.988516,13.544649,5.610203,1.453907,50.750,93.083,92.583,poor
flexible,100,1.00,10,0,23.586126,24.292116,5.848202,6.110850,14.420109,26.374914,4.868376,1.491891,54.333,95.333,95.000,poor
flexible,100,1.00,20,0,39.403805,39.215336,10.457304,10.809132,18.929002,56.028381,6.909326,1.659405,58.500,96.083,95.417,poor
flexible,100,2.00,0,0,10.445219,11.358810,3.473454,3.609099,8.285260,14.194506,2.821499,2.787844,69.583,95.750,95.417,poor
flexible,100,2.00,5,0,19.774443,21.319473,5.841172,6.214690,17.278682,19.659422,4.940921,2.903074,71.917,96.500,96.417,poor
flexible,100,2.00,10,0,41.313568,43.805889,10.439010,10.861230,32.619074,35.451407,4.525389,2.854846,73.417,97.250,96.917,poor
flexible,100,2.00,20,0,72.276642,73.740494,15.805860,16.140210,52.130922,55.149736,4.872433,2.916653,74.917,97.583,96.417,poor
flexible,100,4.00,0,0,18.546925,17.275337,5.643828,5.720292,13.422088,22.139503,2.485986,5.359614,83.083,97.500,96.917,poor
flexible,100,4.00,5,0,63.758503,67.627312,17.273762,18.093131,56.025776,49.628731,4.901045,5.340505,83.917,98.417,97.750,poor
flexible,100,4.00,10,0,6.452662,4.189663,2.413247,1.300382,2.193097,10.900732,0.785460,4.480497,84.750,98.417,97.500,poor
flexible,100,4.00,20,0,109.434753,113.783562,37.212709,38.892954,93.969792,102.619496,7.015408,6.357529,85.500,98.250,97.750,poor
flexible,200,0.25,0,0,0.463526,0.523625,0.188207,0.215072,0.092577,0.164434,1.195577,0.067587,0.000,0.000,58.167,within_report_threshold
flexible,200,0.25,5,0,0.476650,0.538950,0.193749,0.221479,0.100638,0.179242,1.228310,0.068734,0.000,0.000,61.417,poor
flexible,200,0.25,10,0,0.490207,0.555481,0.199699,0.228313,0.109144,0.195705,1.265329,0.070655,0.000,0.000,63.292,poor
flexible,200,0.25,20,0,2.273275,2.262811,1.012739,1.076543,1.839022,2.469421,3.386083,0.363957,0.000,69.667,91.333,poor
flexible,200,0.50,0,0,0.139411,0.201491,0.066868,0.096126,0.002993,0.007529,0.565527,0.064263,0.000,0.000,0.000,within_report_threshold
flexible,200,0.50,5,0,1.164773,0.898544,0.285755,0.279472,0.715155,1.311370,0.989085,0.586477,0.667,34.750,37.667,poor
flexible,200,0.50,10,0,5.354924,5.880575,2.040345,2.193676,4.933416,6.114126,4.202259,0.739368,20.208,83.958,86.708,poor
flexible,200,0.50,20,0,13.422728,13.801838,2.919173,3.026725,7.981471,14.585382,4.886611,0.746626,25.000,90.875,91.458,poor
flexible,200,1.00,0,0,6.353766,6.716769,2.282052,2.429871,4.221513,13.165330,3.287537,1.461223,40.583,83.000,81.875,poor
flexible,200,1.00,5,0,12.872490,13.606532,3.892823,4.146360,11.814202,10.637923,5.050131,1.485096,50.583,93.292,93.375,poor
flexible,200,1.00,10,0,22.254799,22.988234,5.554274,5.814173,13.501994,25.464669,4.798801,1.478358,54.333,95.250,95.250,poor
flexible,200,1.00,20,0,42.549458,42.368690,10.665177,10.993798,20.613874,57.254326,6.906727,1.689039,58.417,96.167,95.750,poor
flexible,200,2.00,0,0,11.958009,12.760763,3.763543,3.932741,8.869356,16.212931,3.051352,2.827932,69.708,95.792,95.417,poor
flexible,200,2.00,5,0,13.417886,14.044983,4.287922,4.577696,11.708760,17.385400,4.113729,2.940247,72.542,97.042,96.458,poor
flexible,200,2.00,10,0,75.878906,77.215981,15.972156,16.362774,46.057278,75.308126,5.510389,2.956575,76.167,97.250,97.000,poor
flexible,200,2.00,20,0,4.048703,2.966686,1.279627,0.882721,1.796849,6.572098,1.016978,2.268075,72.333,97.708,96.792,poor
flexible,200,4.00,0,0,20.633106,21.173973,6.787028,7.156007,15.559533,31.045478,3.508587,5.303692,83.625,97.583,96.875,poor
flexible,200,4.00,5,0,18.925154,21.678280,7.360678,7.923311,17.231122,30.431596,3.471256,5.352029,82.250,98.333,97.833,poor
flexible,200,4.00,10,0,21.041569,22.564964,6.358694,6.549067,12.219676,38.536987,2.541814,5.330821,83.583,98.375,97.458,poor
flexible,200,4.00,20,0,122.475319,126.434319,40.685874,42.266321,85.696792,148.701751,7.194383,6.928566,85.958,98.208,97.833,poor
varying_inertia,100,0.25,0,0,0.498852,0.498852,0.168097,0.168097,0.031495,0.040647,1.132738,0.000000,0.000,0.000,38.250,within_report_threshold
varying_inertia,100,0.25,5,0,0.511432,0.511432,0.171545,0.171545,0.033047,0.043670,1.159559,0.000000,0.000,0.000,38.833,within_report_threshold
varying_inertia,100,0.25,10,0,0.524544,0.524544,0.175248,0.175248,0.034391,0.048207,1.187048,0.000000,0.000,0.000,39.333,within_report_threshold
varying_inertia,100,0.25,20,0,0.552348,0.552348,0.183482,0.183482,0.036196,0.061237,1.247084,0.000000,0.000,0.000,40.167,within_report_threshold
varying_inertia,100,0.50,0,0,0.191470,0.191470,0.065989,0.065989,0.000122,0.000260,0.695629,0.000000,0.000,0.000,2.167,within_report_threshold
varying_inertia,100,0.50,5,0,0.196856,0.196856,0.068459,0.068459,0.000101,0.000280,0.719717,0.000000,0.000,0.000,5.250,within_report_threshold
varying_inertia,100,0.50,10,0,0.202990,0.202990,0.071691,0.071691,0.000079,0.000188,0.742838,0.000000,0.000,0.000,7.667,within_report_threshold
varying_inertia,100,0.50,20,0,0.231408,0.231408,0.080707,0.080707,0.000042,0.000205,0.819094,0.000000,0.000,0.000,14.667,within_report_threshold
varying_inertia,100,1.00,0,0,0.035117,0.035117,0.013775,0.013775,0.001020,0.001333,0.279391,0.000000,0.000,0.000,0.000,within_report_threshold
varying_inertia,100,1.00,5,0,0.035099,0.035099,0.014023,0.014023,0.001006,0.001299,0.286647,0.000000,0.000,0.000,0.000,within_report_threshold
varying_inertia,100,1.00,10,0,0.040998,0.040998,0.015126,0.015126,0.001026,0.001369,0.296423,0.000000,0.000,0.000,0.000,within_report_threshold
varying_inertia,100,1.00,20,0,0.059575,0.059575,0.019373,0.019373,0.001000,0.001349,0.318935,0.000000,0.000,0.000,0.000,within_report_threshold
varying_inertia,100,2.00,0,0,0.045173,0.045173,0.015902,0.015902,0.001586,0.001858,0.127498,0.000000,0.000,0.000,0.000,within_report_threshold
varying_inertia,100,2.00,5,0,0.047676,0.047676,0.016000,0.016000,0.001609,0.001917,0.130873,0.000000,0.000,0.000,0.000,within_report_threshold
varying_inertia,100,2.00,10,0,0.053860,0.053860,0.016741,0.016741,0.001324,0.001785,0.240910,0.000000,0.000,0.000,0.000,within_report_threshold
varying_inertia,100,2.00,20,0,36.314571,36.314571,12.439340,12.439340,21.781088,54.650327,6.946372,0.000000,41.917,51.083,51.250,poor
varying_inertia,100,4.00,0,0,23.623331,23.623331,6.559015,6.559015,20.029322,23.290243,4.565809,0.000000,30.750,40.250,39.750,poor
varying_inertia,100,4.00,5,0,46.200233,46.200233,15.810664,15.810664,26.287377,86.894475,5.789971,0.000000,44.583,52.250,52.250,poor
varying_inertia,100,4.00,10,0,81.165230,81.165230,29.794116,29.794116,43.427702,124.986095,7.187676,0.000000,52.083,60.667,60.833,poor
varying_inertia,100,4.00,20,0,368.084412,368.084412,168.323203,168.323203,135.177423,332.513619,10.000000,0.000000,83.000,90.417,94.333,poor
varying_inertia,200,0.25,0,0,0.502391,0.502391,0.169270,0.169270,0.032468,0.041630,1.129849,0.000000,0.000,0.000,38.083,within_report_threshold
varying_inertia,200,0.25,5,0,0.515005,0.515005,0.172736,0.172736,0.034258,0.044274,1.156337,0.000000,0.000,0.000,38.792,within_report_threshold
varying_inertia,200,0.25,10,0,0.528225,0.528225,0.176457,0.176457,0.035806,0.048332,1.184172,0.000000,0.000,0.000,39.167,within_report_threshold
varying_inertia,200,0.25,20,0,0.556322,0.556322,0.184720,0.184720,0.038005,0.060918,1.243964,0.000000,0.000,0.000,40.083,within_report_threshold
varying_inertia,200,0.50,0,0,0.193739,0.193739,0.066735,0.066735,0.000175,0.000342,0.692912,0.000000,0.000,0.000,2.125,within_report_threshold
varying_inertia,200,0.50,5,0,0.199204,0.199204,0.069209,0.069209,0.000141,0.000295,0.717768,0.000000,0.000,0.000,5.250,within_report_threshold
varying_inertia,200,0.50,10,0,0.205326,0.205326,0.072443,0.072443,0.000091,0.000179,0.740368,0.000000,0.000,0.000,7.000,within_report_threshold
varying_inertia,200,0.50,20,0,0.233605,0.233605,0.081546,0.081546,0.000036,0.000115,0.816995,0.000000,0.000,0.000,14.167,within_report_threshold
varying_inertia,200,1.00,0,0,0.035490,0.035490,0.013965,0.013965,0.001051,0.001345,0.279926,0.000000,0.000,0.000,0.000,within_report_threshold
varying_inertia,200,1.00,5,0,0.035482,0.035482,0.014205,0.014205,0.001056,0.001343,0.287150,0.000000,0.000,0.000,0.000,within_report_threshold
varying_inertia,200,1.00,10,0,0.041287,0.041287,0.015290,0.015290,0.001053,0.001330,0.296147,0.000000,0.000,0.000,0.000,within_report_threshold
varying_inertia,200,1.00,20,0,0.060018,0.060018,0.019492,0.019492,0.001044,0.001342,0.318372,0.000000,0.000,0.000,0.000,within_report_threshold
varying_inertia,200,2.00,0,0,0.046021,0.046021,0.016224,0.016224,0.001646,0.001908,0.126752,0.000000,0.000,0.000,0.000,within_report_threshold
varying_inertia,200,2.00,5,0,0.048191,0.048191,0.016284,0.016284,0.001639,0.001909,0.129978,0.000000,0.000,0.000,0.000,within_report_threshold
varying_inertia,200,2.00,10,0,0.065602,0.065602,0.017936,0.017936,0.001305,0.001607,0.394469,0.000000,0.000,4.083,3.542,within_report_threshold
varying_inertia,200,2.00,20,0,49.622261,49.622261,12.027761,12.027761,24.236283,65.099945,6.282979,0.000000,41.042,50.458,50.375,poor
varying_inertia,200,4.00,0,0,17.615454,17.615454,4.965308,4.965308,11.703708,38.955601,4.000725,0.000000,30.917,39.750,39.292,poor
varying_inertia,200,4.00,5,0,57.071564,57.071564,19.164241,19.164241,47.513240,56.824287,6.348005,0.000000,45.792,53.250,53.167,poor
varying_inertia,200,4.00,10,0,133.869812,133.869812,32.065068,32.065068,75.905530,136.992835,6.392119,0.000000,52.542,59.958,60.583,poor
varying_inertia,200,4.00,20,0,363.784424,363.784424,163.420298,163.420298,107.995536,368.447928,10.000000,0.000000,82.833,90.708,94.250,poor
varying_inertia,100,1.00,0,1,0.024710,0.024710,0.012479,0.012479,0.001467,0.001929,0.257937,0.000000,0.000,0.000,0.000,within_report_threshold
varying_inertia,100,1.00,5,1,0.027802,0.027802,0.012355,0.012355,0.001436,0.001839,0.261489,0.000000,0.000,0.000,0.000,within_report_threshold
varying_inertia,100,1.00,10,1,0.036491,0.036491,0.013109,0.013109,0.001393,0.001771,0.272907,0.000000,0.000,0.000,0.000,within_report_threshold
varying_inertia,100,1.00,20,1,0.054027,0.054027,0.016715,0.016715,0.001319,0.001755,0.299751,0.000000,0.000,0.000,0.000,within_report_threshold
varying_inertia,200,1.00,0,1,0.024992,0.024992,0.012680,0.012680,0.001525,0.001880,0.258616,0.000000,0.000,0.000,0.000,within_report_threshold
varying_inertia,200,1.00,5,1,0.027925,0.027925,0.012549,0.012549,0.001478,0.001887,0.262731,0.000000,0.000,0.000,0.000,within_report_threshold
varying_inertia,200,1.00,10,1,0.036723,0.036723,0.013265,0.013265,0.001448,0.001837,0.271636,0.000000,0.000,0.000,0.000,within_report_threshold
varying_inertia,200,1.00,20,1,0.054272,0.054272,0.016825,0.016825,0.001360,0.001628,0.299131,0.000000,0.000,0.000,0.000,within_report_threshold
